ckpt_id,stage,seed,condition_mode,bam,cosine,mse_or_std,n_genes_in_set
v5_stage1_S0,stage1,0,context_conditioned_completion_srna_n5,YB1_aer_MinION,-0.4694,68.3116,5
v5_stage1_S0,stage1,0,context_conditioned_completion_srna_n5,YB1_aer_0508,-0.5021,58.5387,11
v5_stage1_S0,stage1,0,context_conditioned_completion_srna_n5,YB1_ana_v2,-0.3047,51.7982,5
v5_stage1_S0,stage1,0,context_conditioned_completion_srna_n5,YB1_ana_0507,-0.3257,46.4806,10
v5_stage1_S0,stage1,0,context_conditioned_completion_srna_n5,YB1_ana_0508,-0.5410,60.7545,15
v5_stage1_S1,stage1,1,context_conditioned_completion_srna_n5,YB1_aer_MinION,-0.1409,65.9006,5
v5_stage1_S1,stage1,1,context_conditioned_completion_srna_n5,YB1_aer_0508,-0.3324,56.6865,11
v5_stage1_S1,stage1,1,context_conditioned_completion_srna_n5,YB1_ana_v2,-0.7284,55.6677,5
v5_stage1_S1,stage1,1,context_conditioned_completion_srna_n5,YB1_ana_0507,0.2152,43.0876,10
v5_stage1_S1,stage1,1,context_conditioned_completion_srna_n5,YB1_ana_0508,-0.2660,56.9761,15
v5_stage1_S42,stage1,42,context_conditioned_completion_srna_n5,YB1_aer_MinION,0.4769,59.1521,5
v5_stage1_S42,stage1,42,context_conditioned_completion_srna_n5,YB1_aer_0508,-0.0282,51.1580,11
v5_stage1_S42,stage1,42,context_conditioned_completion_srna_n5,YB1_ana_v2,0.7041,43.0045,5
v5_stage1_S42,stage1,42,context_conditioned_completion_srna_n5,YB1_ana_0507,0.4966,40.5205,10
v5_stage1_S42,stage1,42,context_conditioned_completion_srna_n5,YB1_ana_0508,0.1932,50.7523,15
v5_stage2_S0,stage2,0,context_conditioned_completion_srna_n5,YB1_aer_MinION,0.9319,12.2079,5
v5_stage2_S0,stage2,0,context_conditioned_completion_srna_n5,YB1_aer_0508,0.8245,25.0441,11
v5_stage2_S0,stage2,0,context_conditioned_completion_srna_n5,YB1_ana_v2,0.7406,26.8873,5
v5_stage2_S0,stage2,0,context_conditioned_completion_srna_n5,YB1_ana_0507,0.8954,12.4909,10
v5_stage2_S0,stage2,0,context_conditioned_completion_srna_n5,YB1_ana_0508,0.8159,23.6415,15
v5_stage2_S1,stage2,1,context_conditioned_completion_srna_n5,YB1_aer_MinION,0.9519,12.0259,5
v5_stage2_S1,stage2,1,context_conditioned_completion_srna_n5,YB1_aer_0508,0.8762,25.0388,11
v5_stage2_S1,stage2,1,context_conditioned_completion_srna_n5,YB1_ana_v2,0.8828,13.3370,5
v5_stage2_S1,stage2,1,context_conditioned_completion_srna_n5,YB1_ana_0507,0.9422,11.7839,10
v5_stage2_S1,stage2,1,context_conditioned_completion_srna_n5,YB1_ana_0508,0.8771,18.6262,15
v5_stage2_S42,stage2,42,context_conditioned_completion_srna_n5,YB1_aer_MinION,0.9540,17.1039,5
v5_stage2_S42,stage2,42,context_conditioned_completion_srna_n5,YB1_aer_0508,0.8429,31.0897,11
v5_stage2_S42,stage2,42,context_conditioned_completion_srna_n5,YB1_ana_v2,0.8774,14.6083,5
v5_stage2_S42,stage2,42,context_conditioned_completion_srna_n5,YB1_ana_0507,0.9232,14.4354,10
v5_stage2_S42,stage2,42,context_conditioned_completion_srna_n5,YB1_ana_0508,0.8644,20.8817,15
v5_stage2v2_1_S0,stage2v2_1,0,context_conditioned_completion_srna_n7,YB1_aer_MinION,0.9055,4.6363,74
v5_stage2v2_1_S0,stage2v2_1,0,context_conditioned_completion_srna_n7,YB1_aer_0508,0.8826,5.8353,88
v5_stage2v2_1_S0,stage2v2_1,0,context_conditioned_completion_srna_n7,YB1_ana_v2,0.9154,4.9256,61
v5_stage2v2_1_S0,stage2v2_1,0,context_conditioned_completion_srna_n7,YB1_ana_0507,0.8806,5.7315,92
v5_stage2v2_1_S0,stage2v2_1,0,context_conditioned_completion_srna_n7,YB1_ana_0508,0.9026,5.5250,85
v5_stage2v2_1_S0,stage2v2_1,0,context_conditioned_completion_srna_n7,YB1_aer_clone_0516,0.8770,4.7940,89
v5_stage2v2_1_S0,stage2v2_1,0,context_conditioned_completion_srna_n7,YB1_ana_clone_0516,0.8873,5.0408,90
v5_stage2v2_1_S1,stage2v2_1,1,context_conditioned_completion_srna_n7,YB1_aer_MinION,0.7323,19.0888,74
v5_stage2v2_1_S1,stage2v2_1,1,context_conditioned_completion_srna_n7,YB1_aer_0508,0.7357,21.1349,88
v5_stage2v2_1_S1,stage2v2_1,1,context_conditioned_completion_srna_n7,YB1_ana_v2,0.7279,21.9209,61
v5_stage2v2_1_S1,stage2v2_1,1,context_conditioned_completion_srna_n7,YB1_ana_0507,0.7481,19.4190,92
v5_stage2v2_1_S1,stage2v2_1,1,context_conditioned_completion_srna_n7,YB1_ana_0508,0.7601,22.8623,85
v5_stage2v2_1_S1,stage2v2_1,1,context_conditioned_completion_srna_n7,YB1_aer_clone_0516,0.7518,14.3228,89
v5_stage2v2_1_S1,stage2v2_1,1,context_conditioned_completion_srna_n7,YB1_ana_clone_0516,0.7403,17.5695,90
v5_stage2v2_1_S42,stage2v2_1,42,context_conditioned_completion_srna_n7,YB1_aer_MinION,0.9051,5.0868,74
v5_stage2v2_1_S42,stage2v2_1,42,context_conditioned_completion_srna_n7,YB1_aer_0508,0.8903,5.4664,88
v5_stage2v2_1_S42,stage2v2_1,42,context_conditioned_completion_srna_n7,YB1_ana_v2,0.9154,6.7678,61
v5_stage2v2_1_S42,stage2v2_1,42,context_conditioned_completion_srna_n7,YB1_ana_0507,0.8941,5.0117,92
v5_stage2v2_1_S42,stage2v2_1,42,context_conditioned_completion_srna_n7,YB1_ana_0508,0.9124,5.0911,85
v5_stage2v2_1_S42,stage2v2_1,42,context_conditioned_completion_srna_n7,YB1_aer_clone_0516,0.8871,4.3667,89
v5_stage2v2_1_S42,stage2v2_1,42,context_conditioned_completion_srna_n7,YB1_ana_clone_0516,0.8980,4.4885,90
v5_stage3_S0,stage3,0,context_conditioned_completion_srna_n5,YB1_aer_MinION,0.9925,1.2530,5
v5_stage3_S0,stage3,0,context_conditioned_completion_srna_n5,YB1_aer_0508,0.9670,3.3597,11
v5_stage3_S0,stage3,0,context_conditioned_completion_srna_n5,YB1_ana_v2,0.9546,6.6407,5
v5_stage3_S0,stage3,0,context_conditioned_completion_srna_n5,YB1_ana_0507,0.9864,1.2408,10
v5_stage3_S0,stage3,0,context_conditioned_completion_srna_n5,YB1_ana_0508,0.9654,4.2718,15
v5_stage3_S1,stage3,1,context_conditioned_completion_srna_n5,YB1_aer_MinION,0.9798,2.5721,5
v5_stage3_S1,stage3,1,context_conditioned_completion_srna_n5,YB1_aer_0508,0.9772,2.2602,11
v5_stage3_S1,stage3,1,context_conditioned_completion_srna_n5,YB1_ana_v2,0.9648,4.0422,5
v5_stage3_S1,stage3,1,context_conditioned_completion_srna_n5,YB1_ana_0507,0.9839,1.4645,10
v5_stage3_S1,stage3,1,context_conditioned_completion_srna_n5,YB1_ana_0508,0.9721,3.3039,15
v5_stage3_S42,stage3,42,context_conditioned_completion_srna_n5,YB1_aer_MinION,0.9939,1.1007,5
v5_stage3_S42,stage3,42,context_conditioned_completion_srna_n5,YB1_aer_0508,0.9744,2.6416,11
v5_stage3_S42,stage3,42,context_conditioned_completion_srna_n5,YB1_ana_v2,0.9716,3.6151,5
v5_stage3_S42,stage3,42,context_conditioned_completion_srna_n5,YB1_ana_0507,0.9831,1.5810,10
v5_stage3_S42,stage3,42,context_conditioned_completion_srna_n5,YB1_ana_0508,0.9776,2.5159,15
v5_stage3_n4_S0,stage3_n4,0,context_conditioned_completion_srna_n5,YB1_aer_MinION,0.9946,0.7240,5
v5_stage3_n4_S0,stage3_n4,0,context_conditioned_completion_srna_n5,YB1_aer_0508,0.9769,2.2935,11
v5_stage3_n4_S0,stage3_n4,0,context_conditioned_completion_srna_n5,YB1_ana_v2,0.9712,4.4111,5
v5_stage3_n4_S0,stage3_n4,0,context_conditioned_completion_srna_n5,YB1_ana_0507,0.9899,0.8937,10
v5_stage3_n4_S0,stage3_n4,0,context_conditioned_completion_srna_n5,YB1_ana_0508,0.9759,3.0581,15
v5_stage3_n4_S1,stage3_n4,1,context_conditioned_completion_srna_n5,YB1_aer_MinION,0.9848,2.0158,5
v5_stage3_n4_S1,stage3_n4,1,context_conditioned_completion_srna_n5,YB1_aer_0508,0.9744,2.6276,11
v5_stage3_n4_S1,stage3_n4,1,context_conditioned_completion_srna_n5,YB1_ana_v2,0.9726,2.8934,5
v5_stage3_n4_S1,stage3_n4,1,context_conditioned_completion_srna_n5,YB1_ana_0507,0.9858,1.5233,10
v5_stage3_n4_S1,stage3_n4,1,context_conditioned_completion_srna_n5,YB1_ana_0508,0.9754,2.7367,15
v5_stage3_n4_S42,stage3_n4,42,context_conditioned_completion_srna_n5,YB1_aer_MinION,0.9958,0.6792,5
v5_stage3_n4_S42,stage3_n4,42,context_conditioned_completion_srna_n5,YB1_aer_0508,0.9753,2.4751,11
v5_stage3_n4_S42,stage3_n4,42,context_conditioned_completion_srna_n5,YB1_ana_v2,0.9731,3.4966,5
v5_stage3_n4_S42,stage3_n4,42,context_conditioned_completion_srna_n5,YB1_ana_0507,0.9849,1.4011,10
v5_stage3_n4_S42,stage3_n4,42,context_conditioned_completion_srna_n5,YB1_ana_0508,0.9793,2.3799,15
v5_stage3v2_1_S0,stage3v2_1,0,context_conditioned_completion_srna_n7,YB1_aer_MinION,0.9170,4.2316,74
v5_stage3v2_1_S0,stage3v2_1,0,context_conditioned_completion_srna_n7,YB1_aer_0508,0.9225,3.9655,88
v5_stage3v2_1_S0,stage3v2_1,0,context_conditioned_completion_srna_n7,YB1_ana_v2,0.9154,5.5227,61
v5_stage3v2_1_S0,stage3v2_1,0,context_conditioned_completion_srna_n7,YB1_ana_0507,0.9186,3.9067,92
v5_stage3v2_1_S0,stage3v2_1,0,context_conditioned_completion_srna_n7,YB1_ana_0508,0.9283,4.1171,85
v5_stage3v2_1_S0,stage3v2_1,0,context_conditioned_completion_srna_n7,YB1_aer_clone_0516,0.8940,4.0501,89
v5_stage3v2_1_S0,stage3v2_1,0,context_conditioned_completion_srna_n7,YB1_ana_clone_0516,0.9109,3.9423,90
v5_stage3v2_1_S0,stage3v2_1,0,context_conditioned_completion_mrna_n7,YB1_aer_MinION,0.9531,1.5656,858
v5_stage3v2_1_S0,stage3v2_1,0,context_conditioned_completion_mrna_n7,YB1_aer_0508,0.9379,1.5974,1149
v5_stage3v2_1_S0,stage3v2_1,0,context_conditioned_completion_mrna_n7,YB1_ana_v2,0.9589,1.9062,657
v5_stage3v2_1_S0,stage3v2_1,0,context_conditioned_completion_mrna_n7,YB1_ana_0507,0.9371,1.6575,1114
v5_stage3v2_1_S0,stage3v2_1,0,context_conditioned_completion_mrna_n7,YB1_ana_0508,0.9452,1.6726,1025
v5_stage3v2_1_S0,stage3v2_1,0,context_conditioned_completion_mrna_n7,YB1_aer_clone_0516,0.9512,1.3302,1175
v5_stage3v2_1_S0,stage3v2_1,0,context_conditioned_completion_mrna_n7,YB1_ana_clone_0516,0.9455,1.4525,1127
v5_stage3v2_1_S0,stage3v2_1,0,no_context_joint,YB1_aer_MinION,0.9000,NA,NA
v5_stage3v2_1_S0,stage3v2_1,0,no_context_mrna,YB1_aer_MinION,0.9069,NA,NA
v5_stage3v2_1_S0,stage3v2_1,0,no_context_srna,YB1_aer_MinION,0.8581,NA,NA
v5_stage3v2_1_S0,stage3v2_1,0,no_context_joint,YB1_aer_0508,0.8696,NA,NA
v5_stage3v2_1_S0,stage3v2_1,0,no_context_mrna,YB1_aer_0508,0.8772,NA,NA
v5_stage3v2_1_S0,stage3v2_1,0,no_context_srna,YB1_aer_0508,0.8330,NA,NA
v5_stage3v2_1_S0,stage3v2_1,0,no_context_joint,YB1_ana_v2,0.9200,NA,NA
v5_stage3v2_1_S0,stage3v2_1,0,no_context_mrna,YB1_ana_v2,0.9271,NA,NA
v5_stage3v2_1_S0,stage3v2_1,0,no_context_srna,YB1_ana_v2,0.8733,NA,NA
v5_stage3v2_1_S0,stage3v2_1,0,no_context_joint,YB1_ana_0507,0.8726,NA,NA
v5_stage3v2_1_S0,stage3v2_1,0,no_context_mrna,YB1_ana_0507,0.8793,NA,NA
v5_stage3v2_1_S0,stage3v2_1,0,no_context_srna,YB1_ana_0507,0.8400,NA,NA
v5_stage3v2_1_S0,stage3v2_1,0,no_context_joint,YB1_ana_0508,0.8841,NA,NA
v5_stage3v2_1_S0,stage3v2_1,0,no_context_mrna,YB1_ana_0508,0.8911,NA,NA
v5_stage3v2_1_S0,stage3v2_1,0,no_context_srna,YB1_ana_0508,0.8523,NA,NA
v5_stage3v2_1_S0,stage3v2_1,0,no_context_joint,YB1_aer_clone_0516,0.8823,NA,NA
v5_stage3v2_1_S0,stage3v2_1,0,no_context_mrna,YB1_aer_clone_0516,0.8865,NA,NA
v5_stage3v2_1_S0,stage3v2_1,0,no_context_srna,YB1_aer_clone_0516,0.8487,NA,NA
v5_stage3v2_1_S0,stage3v2_1,0,no_context_joint,YB1_ana_clone_0516,0.8751,NA,NA
v5_stage3v2_1_S0,stage3v2_1,0,no_context_mrna,YB1_ana_clone_0516,0.8801,NA,NA
v5_stage3v2_1_S0,stage3v2_1,0,no_context_srna,YB1_ana_clone_0516,0.8454,NA,NA
v5_stage3v2_1_S0,stage3v2_1,0,strain_specific_log2fc,YB1_pooled_aerobic,0.7157,NA,1262
v5_stage3v2_1_S0,stage3v2_1,0,strain_specific_log2fc,YB1_pooled_anaerobic,0.6511,NA,1104
v5_stage3v2_1_S0,stage3v2_1,0,pathway_no_context_SPI-1,YB1_pooled,0.9590,0.0206,NA
v5_stage3v2_1_S0,stage3v2_1,0,pathway_completion_SPI-1,YB1_pooled,0.9696,0.0280,NA
v5_stage3v2_1_S0,stage3v2_1,0,pathway_no_context_Flagellar,YB1_pooled,0.8787,0.0409,NA
v5_stage3v2_1_S0,stage3v2_1,0,pathway_completion_Flagellar,YB1_pooled,0.9599,0.0209,NA
v5_stage3v2_1_S0,stage3v2_1,0,pathway_no_context_Chemotaxis,YB1_pooled,0.9243,0.0170,NA
v5_stage3v2_1_S0,stage3v2_1,0,pathway_completion_Chemotaxis,YB1_pooled,0.9830,0.0099,NA
v5_stage3v2_1_S0,stage3v2_1,0,pathway_no_context_SPI-2,YB1_pooled,0.8733,0.0453,NA
v5_stage3v2_1_S0,stage3v2_1,0,pathway_completion_SPI-2,YB1_pooled,0.9187,0.0271,NA
v5_stage3v2_1_S1,stage3v2_1,1,context_conditioned_completion_srna_n7,YB1_aer_MinION,0.9432,2.8958,74
v5_stage3v2_1_S1,stage3v2_1,1,context_conditioned_completion_srna_n7,YB1_aer_0508,0.9449,3.0664,88
v5_stage3v2_1_S1,stage3v2_1,1,context_conditioned_completion_srna_n7,YB1_ana_v2,0.9309,4.7292,61
v5_stage3v2_1_S1,stage3v2_1,1,context_conditioned_completion_srna_n7,YB1_ana_0507,0.9493,2.5723,92
v5_stage3v2_1_S1,stage3v2_1,1,context_conditioned_completion_srna_n7,YB1_ana_0508,0.9543,2.8489,85
v5_stage3v2_1_S1,stage3v2_1,1,context_conditioned_completion_srna_n7,YB1_aer_clone_0516,0.9168,3.4143,89
v5_stage3v2_1_S1,stage3v2_1,1,context_conditioned_completion_srna_n7,YB1_ana_clone_0516,0.9359,2.8760,90
v5_stage3v2_1_S1,stage3v2_1,1,context_conditioned_completion_mrna_n7,YB1_aer_MinION,0.9398,3.2208,858
v5_stage3v2_1_S1,stage3v2_1,1,context_conditioned_completion_mrna_n7,YB1_aer_0508,0.9256,3.4961,1149
v5_stage3v2_1_S1,stage3v2_1,1,context_conditioned_completion_mrna_n7,YB1_ana_v2,0.9605,2.1472,657
v5_stage3v2_1_S1,stage3v2_1,1,context_conditioned_completion_mrna_n7,YB1_ana_0507,0.9230,3.6004,1114
v5_stage3v2_1_S1,stage3v2_1,1,context_conditioned_completion_mrna_n7,YB1_ana_0508,0.9316,3.4267,1025
v5_stage3v2_1_S1,stage3v2_1,1,context_conditioned_completion_mrna_n7,YB1_aer_clone_0516,0.9354,3.0245,1175
v5_stage3v2_1_S1,stage3v2_1,1,context_conditioned_completion_mrna_n7,YB1_ana_clone_0516,0.9290,3.3802,1127
v5_stage3v2_1_S1,stage3v2_1,1,no_context_joint,YB1_aer_MinION,0.9216,NA,NA
v5_stage3v2_1_S1,stage3v2_1,1,no_context_mrna,YB1_aer_MinION,0.9276,NA,NA
v5_stage3v2_1_S1,stage3v2_1,1,no_context_srna,YB1_aer_MinION,0.8826,NA,NA
v5_stage3v2_1_S1,stage3v2_1,1,no_context_joint,YB1_aer_0508,0.8924,NA,NA
v5_stage3v2_1_S1,stage3v2_1,1,no_context_mrna,YB1_aer_0508,0.8985,NA,NA
v5_stage3v2_1_S1,stage3v2_1,1,no_context_srna,YB1_aer_0508,0.8615,NA,NA
v5_stage3v2_1_S1,stage3v2_1,1,no_context_joint,YB1_ana_v2,0.9434,NA,NA
v5_stage3v2_1_S1,stage3v2_1,1,no_context_mrna,YB1_ana_v2,0.9497,NA,NA
v5_stage3v2_1_S1,stage3v2_1,1,no_context_srna,YB1_ana_v2,0.8997,NA,NA
v5_stage3v2_1_S1,stage3v2_1,1,no_context_joint,YB1_ana_0507,0.8973,NA,NA
v5_stage3v2_1_S1,stage3v2_1,1,no_context_mrna,YB1_ana_0507,0.9026,NA,NA
v5_stage3v2_1_S1,stage3v2_1,1,no_context_srna,YB1_ana_0507,0.8702,NA,NA
v5_stage3v2_1_S1,stage3v2_1,1,no_context_joint,YB1_ana_0508,0.9088,NA,NA
v5_stage3v2_1_S1,stage3v2_1,1,no_context_mrna,YB1_ana_0508,0.9142,NA,NA
v5_stage3v2_1_S1,stage3v2_1,1,no_context_srna,YB1_ana_0508,0.8834,NA,NA
v5_stage3v2_1_S1,stage3v2_1,1,no_context_joint,YB1_aer_clone_0516,0.9065,NA,NA
v5_stage3v2_1_S1,stage3v2_1,1,no_context_mrna,YB1_aer_clone_0516,0.9113,NA,NA
v5_stage3v2_1_S1,stage3v2_1,1,no_context_srna,YB1_aer_clone_0516,0.8666,NA,NA
v5_stage3v2_1_S1,stage3v2_1,1,no_context_joint,YB1_ana_clone_0516,0.9005,NA,NA
v5_stage3v2_1_S1,stage3v2_1,1,no_context_mrna,YB1_ana_clone_0516,0.9050,NA,NA
v5_stage3v2_1_S1,stage3v2_1,1,no_context_srna,YB1_ana_clone_0516,0.8716,NA,NA
v5_stage3v2_1_S1,stage3v2_1,1,strain_specific_log2fc,YB1_pooled_aerobic,0.6539,NA,1262
v5_stage3v2_1_S1,stage3v2_1,1,strain_specific_log2fc,YB1_pooled_anaerobic,0.6175,NA,1104
v5_stage3v2_1_S1,stage3v2_1,1,pathway_no_context_SPI-1,YB1_pooled,0.9623,0.0260,NA
v5_stage3v2_1_S1,stage3v2_1,1,pathway_completion_SPI-1,YB1_pooled,0.9686,0.0237,NA
v5_stage3v2_1_S1,stage3v2_1,1,pathway_no_context_Flagellar,YB1_pooled,0.9384,0.0400,NA
v5_stage3v2_1_S1,stage3v2_1,1,pathway_completion_Flagellar,YB1_pooled,0.9657,0.0236,NA
v5_stage3v2_1_S1,stage3v2_1,1,pathway_no_context_Chemotaxis,YB1_pooled,0.9841,0.0061,NA
v5_stage3v2_1_S1,stage3v2_1,1,pathway_completion_Chemotaxis,YB1_pooled,0.9791,0.0086,NA
v5_stage3v2_1_S1,stage3v2_1,1,pathway_no_context_SPI-2,YB1_pooled,0.8930,0.0490,NA
v5_stage3v2_1_S1,stage3v2_1,1,pathway_completion_SPI-2,YB1_pooled,0.9022,0.0403,NA
v5_stage3v2_1_S42,stage3v2_1,42,context_conditioned_completion_srna_n7,YB1_aer_MinION,0.9541,2.6785,74
v5_stage3v2_1_S42,stage3v2_1,42,context_conditioned_completion_srna_n7,YB1_aer_0508,0.9490,2.9906,88
v5_stage3v2_1_S42,stage3v2_1,42,context_conditioned_completion_srna_n7,YB1_ana_v2,0.9555,3.2224,61
v5_stage3v2_1_S42,stage3v2_1,42,context_conditioned_completion_srna_n7,YB1_ana_0507,0.9461,2.6916,92
v5_stage3v2_1_S42,stage3v2_1,42,context_conditioned_completion_srna_n7,YB1_ana_0508,0.9526,2.9680,85
v5_stage3v2_1_S42,stage3v2_1,42,context_conditioned_completion_srna_n7,YB1_aer_clone_0516,0.9232,2.9505,89
v5_stage3v2_1_S42,stage3v2_1,42,context_conditioned_completion_srna_n7,YB1_ana_clone_0516,0.9408,2.6959,90
v5_stage3v2_1_S42,stage3v2_1,42,context_conditioned_completion_mrna_n7,YB1_aer_MinION,0.9535,1.4105,858
v5_stage3v2_1_S42,stage3v2_1,42,context_conditioned_completion_mrna_n7,YB1_aer_0508,0.9396,1.5823,1149
v5_stage3v2_1_S42,stage3v2_1,42,context_conditioned_completion_mrna_n7,YB1_ana_v2,0.9643,1.4053,657
v5_stage3v2_1_S42,stage3v2_1,42,context_conditioned_completion_mrna_n7,YB1_ana_0507,0.9393,1.6328,1114
v5_stage3v2_1_S42,stage3v2_1,42,context_conditioned_completion_mrna_n7,YB1_ana_0508,0.9474,1.5823,1025
v5_stage3v2_1_S42,stage3v2_1,42,context_conditioned_completion_mrna_n7,YB1_aer_clone_0516,0.9495,1.3567,1175
v5_stage3v2_1_S42,stage3v2_1,42,context_conditioned_completion_mrna_n7,YB1_ana_clone_0516,0.9445,1.5091,1127
v5_stage3v2_1_S42,stage3v2_1,42,no_context_joint,YB1_aer_MinION,0.8305,NA,NA
v5_stage3v2_1_S42,stage3v2_1,42,no_context_mrna,YB1_aer_MinION,0.8361,NA,NA
v5_stage3v2_1_S42,stage3v2_1,42,no_context_srna,YB1_aer_MinION,0.8577,NA,NA
v5_stage3v2_1_S42,stage3v2_1,42,no_context_joint,YB1_aer_0508,0.7953,NA,NA
v5_stage3v2_1_S42,stage3v2_1,42,no_context_mrna,YB1_aer_0508,0.8019,NA,NA
v5_stage3v2_1_S42,stage3v2_1,42,no_context_srna,YB1_aer_0508,0.8577,NA,NA
v5_stage3v2_1_S42,stage3v2_1,42,no_context_joint,YB1_ana_v2,0.8541,NA,NA
v5_stage3v2_1_S42,stage3v2_1,42,no_context_mrna,YB1_ana_v2,0.8605,NA,NA
v5_stage3v2_1_S42,stage3v2_1,42,no_context_srna,YB1_ana_v2,0.8478,NA,NA
v5_stage3v2_1_S42,stage3v2_1,42,no_context_joint,YB1_ana_0507,0.7987,NA,NA
v5_stage3v2_1_S42,stage3v2_1,42,no_context_mrna,YB1_ana_0507,0.8048,NA,NA
v5_stage3v2_1_S42,stage3v2_1,42,no_context_srna,YB1_ana_0507,0.8582,NA,NA
v5_stage3v2_1_S42,stage3v2_1,42,no_context_joint,YB1_ana_0508,0.8140,NA,NA
v5_stage3v2_1_S42,stage3v2_1,42,no_context_mrna,YB1_ana_0508,0.8210,NA,NA
v5_stage3v2_1_S42,stage3v2_1,42,no_context_srna,YB1_ana_0508,0.8620,NA,NA
v5_stage3v2_1_S42,stage3v2_1,42,no_context_joint,YB1_aer_clone_0516,0.8069,NA,NA
v5_stage3v2_1_S42,stage3v2_1,42,no_context_mrna,YB1_aer_clone_0516,0.8105,NA,NA
v5_stage3v2_1_S42,stage3v2_1,42,no_context_srna,YB1_aer_clone_0516,0.8449,NA,NA
v5_stage3v2_1_S42,stage3v2_1,42,no_context_joint,YB1_ana_clone_0516,0.7956,NA,NA
v5_stage3v2_1_S42,stage3v2_1,42,no_context_mrna,YB1_ana_clone_0516,0.7997,NA,NA
v5_stage3v2_1_S42,stage3v2_1,42,no_context_srna,YB1_ana_clone_0516,0.8521,NA,NA
v5_stage3v2_1_S42,stage3v2_1,42,strain_specific_log2fc,YB1_pooled_aerobic,0.7327,NA,1262
v5_stage3v2_1_S42,stage3v2_1,42,strain_specific_log2fc,YB1_pooled_anaerobic,0.6701,NA,1104
v5_stage3v2_1_S42,stage3v2_1,42,pathway_no_context_SPI-1,YB1_pooled,0.9386,0.0177,NA
v5_stage3v2_1_S42,stage3v2_1,42,pathway_completion_SPI-1,YB1_pooled,0.9700,0.0256,NA
v5_stage3v2_1_S42,stage3v2_1,42,pathway_no_context_Flagellar,YB1_pooled,0.8249,0.0450,NA
v5_stage3v2_1_S42,stage3v2_1,42,pathway_completion_Flagellar,YB1_pooled,0.9563,0.0275,NA
v5_stage3v2_1_S42,stage3v2_1,42,pathway_no_context_Chemotaxis,YB1_pooled,0.9403,0.0145,NA
v5_stage3v2_1_S42,stage3v2_1,42,pathway_completion_Chemotaxis,YB1_pooled,0.9874,0.0088,NA
v5_stage3v2_1_S42,stage3v2_1,42,pathway_no_context_SPI-2,YB1_pooled,0.8136,0.0766,NA
v5_stage3v2_1_S42,stage3v2_1,42,pathway_completion_SPI-2,YB1_pooled,0.9219,0.0364,NA
v5_stage3v2_S0,stage3v2,0,context_conditioned_completion_srna_n5,YB1_aer_MinION,0.9253,3.6616,74
v5_stage3v2_S0,stage3v2,0,context_conditioned_completion_srna_n5,YB1_aer_0508,0.9324,3.6412,109
v5_stage3v2_S0,stage3v2,0,context_conditioned_completion_srna_n5,YB1_ana_v2,0.9474,3.5231,64
v5_stage3v2_S0,stage3v2,0,context_conditioned_completion_srna_n5,YB1_ana_0507,0.9114,5.8430,85
v5_stage3v2_S0,stage3v2,0,context_conditioned_completion_srna_n5,YB1_ana_0508,0.9362,3.5414,83
v5_stage3v2_S0,stage3v2,0,context_conditioned_completion_srna_n7,YB1_aer_MinION,0.9249,3.7190,74
v5_stage3v2_S0,stage3v2,0,context_conditioned_completion_srna_n7,YB1_aer_0508,0.9215,3.9613,88
v5_stage3v2_S0,stage3v2,0,context_conditioned_completion_srna_n7,YB1_ana_v2,0.9244,4.3289,61
v5_stage3v2_S0,stage3v2,0,context_conditioned_completion_srna_n7,YB1_ana_0507,0.9136,4.1413,92
v5_stage3v2_S0,stage3v2,0,context_conditioned_completion_srna_n7,YB1_ana_0508,0.9277,4.1890,85
v5_stage3v2_S0,stage3v2,0,context_conditioned_completion_srna_n7,YB1_aer_clone_0516,0.8981,4.0069,89
v5_stage3v2_S0,stage3v2,0,context_conditioned_completion_srna_n7,YB1_ana_clone_0516,0.9131,3.8807,90
v5_stage3v2_S0,stage3v2,0,context_conditioned_completion_mrna_n7,YB1_aer_MinION,0.9513,1.7033,858
v5_stage3v2_S0,stage3v2,0,context_conditioned_completion_mrna_n7,YB1_aer_0508,0.9168,3.6377,1149
v5_stage3v2_S0,stage3v2,0,context_conditioned_completion_mrna_n7,YB1_ana_v2,0.9624,1.6427,657
v5_stage3v2_S0,stage3v2,0,context_conditioned_completion_mrna_n7,YB1_ana_0507,0.9157,3.6935,1114
v5_stage3v2_S0,stage3v2,0,context_conditioned_completion_mrna_n7,YB1_ana_0508,0.9278,3.4332,1025
v5_stage3v2_S0,stage3v2,0,context_conditioned_completion_mrna_n7,YB1_aer_clone_0516,0.9332,2.8580,1175
v5_stage3v2_S0,stage3v2,0,context_conditioned_completion_mrna_n7,YB1_ana_clone_0516,0.9142,4.3412,1127
v5_stage3v2_S1,stage3v2,1,context_conditioned_completion_srna_n5,YB1_aer_MinION,0.9308,4.1788,74
v5_stage3v2_S1,stage3v2,1,context_conditioned_completion_srna_n5,YB1_aer_0508,0.9429,3.1001,109
v5_stage3v2_S1,stage3v2,1,context_conditioned_completion_srna_n5,YB1_ana_v2,0.9073,6.7721,64
v5_stage3v2_S1,stage3v2,1,context_conditioned_completion_srna_n5,YB1_ana_0507,0.9008,6.4484,85
v5_stage3v2_S1,stage3v2,1,context_conditioned_completion_srna_n5,YB1_ana_0508,0.9294,3.8505,83
v5_stage3v2_S1,stage3v2,1,context_conditioned_completion_srna_n7,YB1_aer_MinION,0.9302,4.2843,74
v5_stage3v2_S1,stage3v2,1,context_conditioned_completion_srna_n7,YB1_aer_0508,0.9371,3.2064,88
v5_stage3v2_S1,stage3v2,1,context_conditioned_completion_srna_n7,YB1_ana_v2,0.9181,6.2493,61
v5_stage3v2_S1,stage3v2,1,context_conditioned_completion_srna_n7,YB1_ana_0507,0.9355,3.1193,92
v5_stage3v2_S1,stage3v2,1,context_conditioned_completion_srna_n7,YB1_ana_0508,0.9445,3.2017,85
v5_stage3v2_S1,stage3v2,1,context_conditioned_completion_srna_n7,YB1_aer_clone_0516,0.9121,3.7306,89
v5_stage3v2_S1,stage3v2,1,context_conditioned_completion_srna_n7,YB1_ana_clone_0516,0.9318,3.1374,90
v5_stage3v2_S1,stage3v2,1,context_conditioned_completion_mrna_n7,YB1_aer_MinION,0.9471,2.4022,858
v5_stage3v2_S1,stage3v2,1,context_conditioned_completion_mrna_n7,YB1_aer_0508,0.9378,1.8588,1149
v5_stage3v2_S1,stage3v2,1,context_conditioned_completion_mrna_n7,YB1_ana_v2,0.9601,2.3592,657
v5_stage3v2_S1,stage3v2,1,context_conditioned_completion_mrna_n7,YB1_ana_0507,0.9361,1.9800,1114
v5_stage3v2_S1,stage3v2,1,context_conditioned_completion_mrna_n7,YB1_ana_0508,0.9413,2.1085,1025
v5_stage3v2_S1,stage3v2,1,context_conditioned_completion_mrna_n7,YB1_aer_clone_0516,0.9453,1.8071,1175
v5_stage3v2_S1,stage3v2,1,context_conditioned_completion_mrna_n7,YB1_ana_clone_0516,0.9426,1.8497,1127
v5_stage3v2_S42,stage3v2,42,context_conditioned_completion_srna_n5,YB1_aer_MinION,0.9311,3.3906,74
v5_stage3v2_S42,stage3v2,42,context_conditioned_completion_srna_n5,YB1_aer_0508,0.9451,3.0272,109
v5_stage3v2_S42,stage3v2,42,context_conditioned_completion_srna_n5,YB1_ana_v2,0.9454,3.7522,64
v5_stage3v2_S42,stage3v2,42,context_conditioned_completion_srna_n5,YB1_ana_0507,0.9131,5.5398,85
v5_stage3v2_S42,stage3v2,42,context_conditioned_completion_srna_n5,YB1_ana_0508,0.9319,3.7186,83
v5_stage3v2_S42,stage3v2,42,context_conditioned_completion_srna_n7,YB1_aer_MinION,0.9297,3.4997,74
v5_stage3v2_S42,stage3v2,42,context_conditioned_completion_srna_n7,YB1_aer_0508,0.9311,3.4969,88
v5_stage3v2_S42,stage3v2,42,context_conditioned_completion_srna_n7,YB1_ana_v2,0.9183,4.9741,61
v5_stage3v2_S42,stage3v2,42,context_conditioned_completion_srna_n7,YB1_ana_0507,0.9291,3.4523,92
v5_stage3v2_S42,stage3v2,42,context_conditioned_completion_srna_n7,YB1_ana_0508,0.9366,3.6212,85
v5_stage3v2_S42,stage3v2,42,context_conditioned_completion_srna_n7,YB1_aer_clone_0516,0.9102,3.8090,89
v5_stage3v2_S42,stage3v2,42,context_conditioned_completion_srna_n7,YB1_ana_clone_0516,0.9313,3.1694,90
v5_stage3v2_S42,stage3v2,42,context_conditioned_completion_mrna_n7,YB1_aer_MinION,0.9575,1.2861,858
v5_stage3v2_S42,stage3v2,42,context_conditioned_completion_mrna_n7,YB1_aer_0508,0.9438,1.5115,1149
v5_stage3v2_S42,stage3v2,42,context_conditioned_completion_mrna_n7,YB1_ana_v2,0.9671,1.2711,657
v5_stage3v2_S42,stage3v2,42,context_conditioned_completion_mrna_n7,YB1_ana_0507,0.9416,1.6445,1114
v5_stage3v2_S42,stage3v2,42,context_conditioned_completion_mrna_n7,YB1_ana_0508,0.9464,1.6686,1025
v5_stage3v2_S42,stage3v2,42,context_conditioned_completion_mrna_n7,YB1_aer_clone_0516,0.9530,1.3530,1175
v5_stage3v2_S42,stage3v2,42,context_conditioned_completion_mrna_n7,YB1_ana_clone_0516,0.9479,1.4505,1127
v5_stage3v2_hiep_S0,stage3v2_hiep,0,context_conditioned_completion_srna_n5,YB1_aer_MinION,0.9297,3.5096,74
v5_stage3v2_hiep_S0,stage3v2_hiep,0,context_conditioned_completion_srna_n5,YB1_aer_0508,0.9363,3.4610,109
v5_stage3v2_hiep_S0,stage3v2_hiep,0,context_conditioned_completion_srna_n5,YB1_ana_v2,0.9543,3.2005,64
v5_stage3v2_hiep_S0,stage3v2_hiep,0,context_conditioned_completion_srna_n5,YB1_ana_0507,0.9182,5.5647,85
v5_stage3v2_hiep_S0,stage3v2_hiep,0,context_conditioned_completion_srna_n5,YB1_ana_0508,0.9365,3.5901,83
v5_stage3v2_hiep_S0,stage3v2_hiep,0,context_conditioned_completion_srna_n7,YB1_aer_MinION,0.9293,3.5753,74
v5_stage3v2_hiep_S0,stage3v2_hiep,0,context_conditioned_completion_srna_n7,YB1_aer_0508,0.9275,3.7066,88
v5_stage3v2_hiep_S0,stage3v2_hiep,0,context_conditioned_completion_srna_n7,YB1_ana_v2,0.9292,4.1505,61
v5_stage3v2_hiep_S0,stage3v2_hiep,0,context_conditioned_completion_srna_n7,YB1_ana_0507,0.9179,3.9327,92
v5_stage3v2_hiep_S0,stage3v2_hiep,0,context_conditioned_completion_srna_n7,YB1_ana_0508,0.9309,4.0895,85
v5_stage3v2_hiep_S0,stage3v2_hiep,0,context_conditioned_completion_srna_n7,YB1_aer_clone_0516,0.8994,3.8245,89
v5_stage3v2_hiep_S0,stage3v2_hiep,0,context_conditioned_completion_srna_n7,YB1_ana_clone_0516,0.9173,3.6732,90
v5_stage3v2_hiep_S0,stage3v2_hiep,0,context_conditioned_completion_mrna_n7,YB1_aer_MinION,0.9521,1.5799,858
v5_stage3v2_hiep_S0,stage3v2_hiep,0,context_conditioned_completion_mrna_n7,YB1_aer_0508,0.9237,2.8987,1149
v5_stage3v2_hiep_S0,stage3v2_hiep,0,context_conditioned_completion_mrna_n7,YB1_ana_v2,0.9613,1.5732,657
v5_stage3v2_hiep_S0,stage3v2_hiep,0,context_conditioned_completion_mrna_n7,YB1_ana_0507,0.9228,2.9038,1114
v5_stage3v2_hiep_S0,stage3v2_hiep,0,context_conditioned_completion_mrna_n7,YB1_ana_0508,0.9328,2.8098,1025
v5_stage3v2_hiep_S0,stage3v2_hiep,0,context_conditioned_completion_mrna_n7,YB1_aer_clone_0516,0.9423,2.0650,1175
v5_stage3v2_hiep_S0,stage3v2_hiep,0,context_conditioned_completion_mrna_n7,YB1_ana_clone_0516,0.9240,3.2557,1127
v5_stage3v2_hiep_S1,stage3v2_hiep,1,context_conditioned_completion_srna_n5,YB1_aer_MinION,0.9536,2.6204,74
v5_stage3v2_hiep_S1,stage3v2_hiep,1,context_conditioned_completion_srna_n5,YB1_aer_0508,0.9559,2.4513,109
v5_stage3v2_hiep_S1,stage3v2_hiep,1,context_conditioned_completion_srna_n5,YB1_ana_v2,0.9253,4.9960,64
v5_stage3v2_hiep_S1,stage3v2_hiep,1,context_conditioned_completion_srna_n5,YB1_ana_0507,0.9262,5.0023,85
v5_stage3v2_hiep_S1,stage3v2_hiep,1,context_conditioned_completion_srna_n5,YB1_ana_0508,0.9359,3.5104,83
v5_stage3v2_hiep_S1,stage3v2_hiep,1,context_conditioned_completion_srna_n7,YB1_aer_MinION,0.9528,2.6642,74
v5_stage3v2_hiep_S1,stage3v2_hiep,1,context_conditioned_completion_srna_n7,YB1_aer_0508,0.9521,2.4848,88
v5_stage3v2_hiep_S1,stage3v2_hiep,1,context_conditioned_completion_srna_n7,YB1_ana_v2,0.9407,3.7673,61
v5_stage3v2_hiep_S1,stage3v2_hiep,1,context_conditioned_completion_srna_n7,YB1_ana_0507,0.9534,2.2899,92
v5_stage3v2_hiep_S1,stage3v2_hiep,1,context_conditioned_completion_srna_n7,YB1_ana_0508,0.9583,2.4595,85
v5_stage3v2_hiep_S1,stage3v2_hiep,1,context_conditioned_completion_srna_n7,YB1_aer_clone_0516,0.9256,3.2148,89
v5_stage3v2_hiep_S1,stage3v2_hiep,1,context_conditioned_completion_srna_n7,YB1_ana_clone_0516,0.9428,2.6382,90
v5_stage3v2_hiep_S1,stage3v2_hiep,1,context_conditioned_completion_mrna_n7,YB1_aer_MinION,0.9476,2.2689,858
v5_stage3v2_hiep_S1,stage3v2_hiep,1,context_conditioned_completion_mrna_n7,YB1_aer_0508,0.9379,1.8234,1149
v5_stage3v2_hiep_S1,stage3v2_hiep,1,context_conditioned_completion_mrna_n7,YB1_ana_v2,0.9615,2.0057,657
v5_stage3v2_hiep_S1,stage3v2_hiep,1,context_conditioned_completion_mrna_n7,YB1_ana_0507,0.9352,2.0081,1114
v5_stage3v2_hiep_S1,stage3v2_hiep,1,context_conditioned_completion_mrna_n7,YB1_ana_0508,0.9409,2.1424,1025
v5_stage3v2_hiep_S1,stage3v2_hiep,1,context_conditioned_completion_mrna_n7,YB1_aer_clone_0516,0.9461,1.7264,1175
v5_stage3v2_hiep_S1,stage3v2_hiep,1,context_conditioned_completion_mrna_n7,YB1_ana_clone_0516,0.9425,1.8148,1127
v5_stage3v2_hiep_S42,stage3v2_hiep,42,context_conditioned_completion_srna_n5,YB1_aer_MinION,0.9279,3.7510,74
v5_stage3v2_hiep_S42,stage3v2_hiep,42,context_conditioned_completion_srna_n5,YB1_aer_0508,0.9663,2.2761,109
v5_stage3v2_hiep_S42,stage3v2_hiep,42,context_conditioned_completion_srna_n5,YB1_ana_v2,0.9418,4.4262,64
v5_stage3v2_hiep_S42,stage3v2_hiep,42,context_conditioned_completion_srna_n5,YB1_ana_0507,0.9217,5.0167,85
v5_stage3v2_hiep_S42,stage3v2_hiep,42,context_conditioned_completion_srna_n5,YB1_ana_0508,0.9579,2.3606,83
v5_stage3v2_hiep_S42,stage3v2_hiep,42,context_conditioned_completion_srna_n7,YB1_aer_MinION,0.9257,3.9072,74
v5_stage3v2_hiep_S42,stage3v2_hiep,42,context_conditioned_completion_srna_n7,YB1_aer_0508,0.9252,3.8807,88
v5_stage3v2_hiep_S42,stage3v2_hiep,42,context_conditioned_completion_srna_n7,YB1_ana_v2,0.9124,5.8009,61
v5_stage3v2_hiep_S42,stage3v2_hiep,42,context_conditioned_completion_srna_n7,YB1_ana_0507,0.9290,3.4190,92
v5_stage3v2_hiep_S42,stage3v2_hiep,42,context_conditioned_completion_srna_n7,YB1_ana_0508,0.9340,3.7966,85
v5_stage3v2_hiep_S42,stage3v2_hiep,42,context_conditioned_completion_srna_n7,YB1_aer_clone_0516,0.8965,4.0449,89
v5_stage3v2_hiep_S42,stage3v2_hiep,42,context_conditioned_completion_srna_n7,YB1_ana_clone_0516,0.9217,3.4956,90
v5_stage3v2_hiep_S42,stage3v2_hiep,42,context_conditioned_completion_mrna_n7,YB1_aer_MinION,0.9565,1.3101,858
v5_stage3v2_hiep_S42,stage3v2_hiep,42,context_conditioned_completion_mrna_n7,YB1_aer_0508,0.9433,1.5230,1149
v5_stage3v2_hiep_S42,stage3v2_hiep,42,context_conditioned_completion_mrna_n7,YB1_ana_v2,0.9666,1.3181,657
v5_stage3v2_hiep_S42,stage3v2_hiep,42,context_conditioned_completion_mrna_n7,YB1_ana_0507,0.9418,1.6231,1114
v5_stage3v2_hiep_S42,stage3v2_hiep,42,context_conditioned_completion_mrna_n7,YB1_ana_0508,0.9478,1.6086,1025
v5_stage3v2_hiep_S42,stage3v2_hiep,42,context_conditioned_completion_mrna_n7,YB1_aer_clone_0516,0.9519,1.3554,1175
v5_stage3v2_hiep_S42,stage3v2_hiep,42,context_conditioned_completion_mrna_n7,YB1_ana_clone_0516,0.9468,1.4764,1127
v5_stage3v2_1_cond_S0,stage3v2_1_cond,0,zero_expression_input_cond_only,YB1_aer_MinION,0.8513,NA,NA
v5_stage3v2_1_cond_S0,stage3v2_1_cond,0,completion_cond_full,YB1_aer_MinION,0.9600,NA,NA
v5_stage3v2_1_cond_S0,stage3v2_1_cond,0,no_context_no_cond,YB1_aer_MinION,0.8512,NA,NA
v5_stage3v2_1_cond_S0,stage3v2_1_cond,0,zero_expression_input_cond_only,YB1_aer_0508,0.8177,NA,NA
v5_stage3v2_1_cond_S0,stage3v2_1_cond,0,completion_cond_full,YB1_aer_0508,0.9741,NA,NA
v5_stage3v2_1_cond_S0,stage3v2_1_cond,0,no_context_no_cond,YB1_aer_0508,0.8154,NA,NA
v5_stage3v2_1_cond_S0,stage3v2_1_cond,0,zero_expression_input_cond_only,YB1_ana_v2,0.8615,NA,NA
v5_stage3v2_1_cond_S0,stage3v2_1_cond,0,completion_cond_full,YB1_ana_v2,0.9594,NA,NA
v5_stage3v2_1_cond_S0,stage3v2_1_cond,0,no_context_no_cond,YB1_ana_v2,0.8683,NA,NA
v5_stage3v2_1_cond_S0,stage3v2_1_cond,0,zero_expression_input_cond_only,YB1_ana_0507,0.8334,NA,NA
v5_stage3v2_1_cond_S0,stage3v2_1_cond,0,completion_cond_full,YB1_ana_0507,0.9632,NA,NA
v5_stage3v2_1_cond_S0,stage3v2_1_cond,0,no_context_no_cond,YB1_ana_0507,0.8382,NA,NA
v5_stage3v2_1_cond_S0,stage3v2_1_cond,0,zero_expression_input_cond_only,YB1_ana_0508,0.8421,NA,NA
v5_stage3v2_1_cond_S0,stage3v2_1_cond,0,completion_cond_full,YB1_ana_0508,0.9651,NA,NA
v5_stage3v2_1_cond_S0,stage3v2_1_cond,0,no_context_no_cond,YB1_ana_0508,0.8444,NA,NA
v5_stage3v2_1_cond_S0,stage3v2_1_cond,0,zero_expression_input_cond_only,YB1_aer_clone_0516,0.8385,NA,NA
v5_stage3v2_1_cond_S0,stage3v2_1_cond,0,completion_cond_full,YB1_aer_clone_0516,0.9559,NA,NA
v5_stage3v2_1_cond_S0,stage3v2_1_cond,0,no_context_no_cond,YB1_aer_clone_0516,0.8476,NA,NA
v5_stage3v2_1_cond_S0,stage3v2_1_cond,0,zero_expression_input_cond_only,YB1_ana_clone_0516,0.8436,NA,NA
v5_stage3v2_1_cond_S0,stage3v2_1_cond,0,completion_cond_full,YB1_ana_clone_0516,0.9601,NA,NA
v5_stage3v2_1_cond_S0,stage3v2_1_cond,0,no_context_no_cond,YB1_ana_clone_0516,0.8396,NA,NA
v5_stage3v2_1_cond_S1,stage3v2_1_cond,1,zero_expression_input_cond_only,YB1_aer_MinION,0.8851,NA,NA
v5_stage3v2_1_cond_S1,stage3v2_1_cond,1,completion_cond_full,YB1_aer_MinION,0.9671,NA,NA
v5_stage3v2_1_cond_S1,stage3v2_1_cond,1,no_context_no_cond,YB1_aer_MinION,0.8798,NA,NA
v5_stage3v2_1_cond_S1,stage3v2_1_cond,1,zero_expression_input_cond_only,YB1_aer_0508,0.8637,NA,NA
v5_stage3v2_1_cond_S1,stage3v2_1_cond,1,completion_cond_full,YB1_aer_0508,0.9455,NA,NA
v5_stage3v2_1_cond_S1,stage3v2_1_cond,1,no_context_no_cond,YB1_aer_0508,0.8670,NA,NA
v5_stage3v2_1_cond_S1,stage3v2_1_cond,1,zero_expression_input_cond_only,YB1_ana_v2,0.8973,NA,NA
v5_stage3v2_1_cond_S1,stage3v2_1_cond,1,completion_cond_full,YB1_ana_v2,0.9023,NA,NA
v5_stage3v2_1_cond_S1,stage3v2_1_cond,1,no_context_no_cond,YB1_ana_v2,0.8976,NA,NA
v5_stage3v2_1_cond_S1,stage3v2_1_cond,1,zero_expression_input_cond_only,YB1_ana_0507,0.8669,NA,NA
v5_stage3v2_1_cond_S1,stage3v2_1_cond,1,completion_cond_full,YB1_ana_0507,0.9382,NA,NA
v5_stage3v2_1_cond_S1,stage3v2_1_cond,1,no_context_no_cond,YB1_ana_0507,0.8744,NA,NA
v5_stage3v2_1_cond_S1,stage3v2_1_cond,1,zero_expression_input_cond_only,YB1_ana_0508,0.8856,NA,NA
v5_stage3v2_1_cond_S1,stage3v2_1_cond,1,completion_cond_full,YB1_ana_0508,0.9717,NA,NA
v5_stage3v2_1_cond_S1,stage3v2_1_cond,1,no_context_no_cond,YB1_ana_0508,0.8860,NA,NA
v5_stage3v2_1_cond_S1,stage3v2_1_cond,1,zero_expression_input_cond_only,YB1_aer_clone_0516,0.8692,NA,NA
v5_stage3v2_1_cond_S1,stage3v2_1_cond,1,completion_cond_full,YB1_aer_clone_0516,0.9469,NA,NA
v5_stage3v2_1_cond_S1,stage3v2_1_cond,1,no_context_no_cond,YB1_aer_clone_0516,0.8643,NA,NA
v5_stage3v2_1_cond_S1,stage3v2_1_cond,1,zero_expression_input_cond_only,YB1_ana_clone_0516,0.8728,NA,NA
v5_stage3v2_1_cond_S1,stage3v2_1_cond,1,completion_cond_full,YB1_ana_clone_0516,0.9606,NA,NA
v5_stage3v2_1_cond_S1,stage3v2_1_cond,1,no_context_no_cond,YB1_ana_clone_0516,0.8728,NA,NA
v5_stage3v2_1_cond_S42,stage3v2_1_cond,42,zero_expression_input_cond_only,YB1_aer_MinION,0.8825,NA,NA
v5_stage3v2_1_cond_S42,stage3v2_1_cond,42,completion_cond_full,YB1_aer_MinION,0.9712,NA,NA
v5_stage3v2_1_cond_S42,stage3v2_1_cond,42,no_context_no_cond,YB1_aer_MinION,0.8516,NA,NA
v5_stage3v2_1_cond_S42,stage3v2_1_cond,42,zero_expression_input_cond_only,YB1_aer_0508,0.8730,NA,NA
v5_stage3v2_1_cond_S42,stage3v2_1_cond,42,completion_cond_full,YB1_aer_0508,0.9459,NA,NA
v5_stage3v2_1_cond_S42,stage3v2_1_cond,42,no_context_no_cond,YB1_aer_0508,0.8529,NA,NA
v5_stage3v2_1_cond_S42,stage3v2_1_cond,42,zero_expression_input_cond_only,YB1_ana_v2,0.8541,NA,NA
v5_stage3v2_1_cond_S42,stage3v2_1_cond,42,completion_cond_full,YB1_ana_v2,0.9205,NA,NA
v5_stage3v2_1_cond_S42,stage3v2_1_cond,42,no_context_no_cond,YB1_ana_v2,0.8600,NA,NA
v5_stage3v2_1_cond_S42,stage3v2_1_cond,42,zero_expression_input_cond_only,YB1_ana_0507,0.8664,NA,NA
v5_stage3v2_1_cond_S42,stage3v2_1_cond,42,completion_cond_full,YB1_ana_0507,0.9387,NA,NA
v5_stage3v2_1_cond_S42,stage3v2_1_cond,42,no_context_no_cond,YB1_ana_0507,0.8571,NA,NA
v5_stage3v2_1_cond_S42,stage3v2_1_cond,42,zero_expression_input_cond_only,YB1_ana_0508,0.8668,NA,NA
v5_stage3v2_1_cond_S42,stage3v2_1_cond,42,completion_cond_full,YB1_ana_0508,0.9703,NA,NA
v5_stage3v2_1_cond_S42,stage3v2_1_cond,42,no_context_no_cond,YB1_ana_0508,0.8702,NA,NA
v5_stage3v2_1_cond_S42,stage3v2_1_cond,42,zero_expression_input_cond_only,YB1_aer_clone_0516,0.8615,NA,NA
v5_stage3v2_1_cond_S42,stage3v2_1_cond,42,completion_cond_full,YB1_aer_clone_0516,0.9569,NA,NA
v5_stage3v2_1_cond_S42,stage3v2_1_cond,42,no_context_no_cond,YB1_aer_clone_0516,0.8438,NA,NA
v5_stage3v2_1_cond_S42,stage3v2_1_cond,42,zero_expression_input_cond_only,YB1_ana_clone_0516,0.8714,NA,NA
v5_stage3v2_1_cond_S42,stage3v2_1_cond,42,completion_cond_full,YB1_ana_clone_0516,0.9580,NA,NA
v5_stage3v2_1_cond_S42,stage3v2_1_cond,42,no_context_no_cond,YB1_ana_clone_0516,0.8483,NA,NA
